lon,lat,address
-80.281206,25.8260514,"461 palm ave, hialeah, fl 33010, usa"
-88.83023940000001,35.6965032,"15 w university pkwy, jackson, tn 38305, usa"
-89.6726947,39.77385,"1220 outer park dr, springfield, il 62704, usa"
-84.3581557,41.3003143,"1005 n clinton st ste a, defiance, oh 43512, usa"
-104.956203,39.7254155,"575 clayton st, denver, co 80206, usa"
-84.1503151,39.7228189,"1040 patterson rd, dayton, oh 45420, usa"
-83.59214349999999,36.4447819,"511 cross st, new tazewell, tn 37825, usa"
-85.2233576,35.0037146,"5082 south terrace, chattanooga, tn 37412, usa"
-122.17721,47.5055097,"3210 ne sunset blvd, renton, wa 98056, usa"
-100.3152233,44.3843779,"1902 eastgate ave, pierre, sd 57501, usa"
-121.0682786,38.6517331,"4540 post st #250el, el dorado hills, ca 95762, usa"
-73.4781995,40.6931145,"814 hicksville rd, north massapequa, ny 11758, usa"
-92.3997152,38.3816446,"14110 redfield dr, eugene, mo 65032, usa"
-80.9900093,35.061542,"1600 gold hill rd, fort mill, sc 29708, usa"
-86.2671222,43.1915758,"950 w norton ave suite b, muskegon, mi 49441, usa"
-114.0275137,50.9284738,"1140 137 ave se, calgary, ab t2j 7g1, canada"
-86.0578195,35.4613476,"2161 hillsboro blvd, manchester, tn 37355, usa"
-82.458732,43.0293742,"4177 24th ave, fort gratiot twp, mi 48059, usa"
-80.2294301,38.9925204,"15 s spring st, buckhannon, wv 26201, usa"
-85.3362277,37.076991,"dohoney trce, kentucky 42728, usa"
-76.1446825,36.8157069,"4770 princess anne rd, virginia beach, va 23462, usa"
-81.2004982,35.6927688,"413 thornburg dr se, conover, nc 28613, usa"
-94.2728989,39.0037501,"mo-7, blue springs, mo 64014, usa"
-82.7677011,28.0717015,"palm harbor, fl 34682, usa"
NA,NA,NA
-87.65851599999999,45.0817603,"2200 roosevelt rd, marinette, wi 54143, usa"
-97.4358348,32.720863,"6908 camp bowie blvd, fort worth, tx 76116, usa"
-117.0859904,33.482693,"32705 temecula pkwy bldg. d, temecula, ca 92592, usa"
-80.0032444,42.1449019,"1980 nagle rd, erie, pa 16510, usa"
-80.1348574,36.1646333,"5208 neals trail dr, walkertown, nc 27051, usa"
-86.9731236,34.7999987,"400 s jefferson st, athens, al 35611, usa"
-85.1762466,42.261547,"6085 b dr n, battle creek, mi 49014, usa"
-85.3863552,39.91495219999999,"1719 s memorial dr, new castle, in 47362, usa"
-97.12194439999999,32.7058333,"1100 w arkansas ln, arlington, tx 76013, usa"
-121.1710724,38.7442777,"6961 douglas blvd, granite bay, ca 95746, usa"
-77.93460759999999,35.3845377,"1213 parkway dr, goldsboro, nc 27534, usa"
-95.6514453,29.6393783,"22661 s texas 6, sugar land, tx 77498, usa"
-94.4538185,39.27409129999999,"n cedar ave, kansas city, mo 64157, usa"
-81.8084911,38.4108063,"210 nitro market pl, nitro, wv 25143, usa"
-122.3261358,47.7069892,"401 ne northgate way, seattle, wa 98125, usa"
NA,NA,NA
NA,NA,NA
-114.1539556,51.0920607,"4625 varsity dr nw, calgary, ab t3a 0x9, canada"
-118.2285609,34.1480325,"267 harvey dr, glendale, ca 91206, usa"
-88.41438319999999,35.6572957,"676 w church st, lexington, tn 38351, usa"
-122.3257417,37.9361402,"12341 san pablo ave, richmond, ca 94805, usa"
-89.3758917,43.0810465,"10 n livingston st, madison, wi 53703, usa"
-78.8153768,42.99190979999999,"3980 maple rd, amherst, ny 14226, usa"
-120.9954767,37.6766894,"2401 mchenry ave suite b, modesto, ca 95350, usa"
-94.65209829999999,31.60245309999999,"503 e main st, nacogdoches, tx 75961, usa"
-123.3486394,39.3901335,"1728 s main st, willits, ca 95490, usa"
-75.151181,39.94178,"508 south st, philadelphia, pa 19147, usa"
-82.3942965,28.0532961,"5515 e fowler ave, temple terrace, fl 33617, usa"
-75.4935679,40.6457436,"2675 macarthur rd, whitehall, pa 18052, usa"
-79.8725733,36.5785802,"95 blackfeather trail, ridgeway, va 24148, usa"
-82.35,40.12,"newark, oh 43058, usa"
-121.6549131,37.1314293,"17630 monterey rd, morgan hill, ca 95037, usa"
-71.1635807,42.4590092,"400 cambridge st, winchester, ma 01890, usa"
-83.2161299,37.296313,"commerce drive, hazard, ky 41701, usa"
-96.8471819,39.0288331,"1008 w 6th st, junction city, ks 66441, usa"
NA,NA,NA
-85.15725320000001,35.0139389,"7601 e brainerd rd, chattanooga, tn 37421, usa"
-91.151639,40.8119146,"165 w burlington ave, west burlington, ia 52655, usa"
NA,NA,NA
-118.1068271,34.01997679999999,"820 w beverly blvd, montebello, ca 90640, usa"
-95.6710222,31.7331293,"3824 w oak st, palestine, tx 75801, usa"
-87.9068908,43.03242650000001,"190 n broadway, milwaukee, wi 53202, usa"
-73.778817,40.9164914,"28 joyce rd, new rochelle, ny 10801, usa"
-89.0891566,42.279744,"850 n church st, rockford, il 61103, usa"
-122.8785469,42.330516,"604 n fir st, medford, or 97501, usa"
-122.3138524,47.5968125,"1400 s lane st, seattle, wa 98144, usa"
-83.1800808,35.9668633,"452 eastern plaza way, newport, tn 37821, usa"
-85.2423282,35.1363119,"1966 northpoint blvd, hixson, tn 37343, usa"
-95.172376,29.9967445,"7034 fm 1960, humble, tx 77346, usa"
-122.6832664,47.6565007,"10001 mickelberry rd nw, silverdale, wa 98383, usa"
-80.2852204,25.7340864,"bird rd, miami, fl, usa"
-86.24375549999999,32.3558572,"1661 perry hill rd, montgomery, al 36106, usa"
-88.3389606,42.12135929999999,"7777 miller rd, carpentersville, il 60110, usa"
-85.68401639999999,35.0409827,"361 kimball crossing dr, kimball, tn 37347, usa"
-77.47030819999999,37.7412686,"10485 dow gil rd, ashland, va 23005, usa"
-79.69455839999999,43.4390261,"400 speers rd, oakville, on l6k 2g2, canada"
-79.9529325,40.8794773,"370 new castle rd, butler, pa 16001, usa"
-122.4423881,47.2353168,"714 s 27th st, tacoma, wa 98409, usa"
-75.209321,40.0221503,"5400 ridge ave, philadelphia, pa 19128, usa"
-81.79929109999999,41.4058611,"14690 snow rd, brook park, oh 44142, usa"
-83.085591,40.5794602,"1637 marion-mt gilead rd, marion, oh 43302, usa"
-86.15142449999999,39.7040057,"4200 s east st #27aindianapolis, indianapolis, in 46227, usa"
-83.9876489,34.0872284,"1955 buford mill dr, buford, ga 30519, usa"
-85.99158419999999,40.030217,"16650 mercantile blvd, noblesville, in 46060, usa"
-97.4112082,32.3393241,"w henderson st, cleburne, tx 76031, usa"
-97.5362138,35.4623084,"1320 w reno ave, oklahoma city, ok 73108, usa"
-118.4567118,34.043137,"11726 santa monica blvd, los angeles, ca 90025, usa"
-77.3966782,34.7802264,"1113 western blvd store 1113, jacksonville, nc 28546, usa"
-157.7863744,21.2770925,"4211 waialae ave, honolulu, hi 96816, usa"
-83.39880339999999,35.1641948,"295 westgate plaza, franklin, nc 28734, usa"
-80.4794929,36.3802419,"647 s key st, pilot mountain, nc 27041, usa"
-122.2995237,47.2022285,"1200 4th st nw, puyallup, wa 98371, usa"
-115.1331482,36.2888565,"7090 n 5th st, north las vegas, nv 89084, usa"
-81.8762751,34.9756201,"dawn redwood dr, spartanburg, sc 29307, usa"
-117.2025948,32.8535386,"4023 governor dr, san diego, ca 92122, usa"
-95.5972816,29.62347029999999,"13503 southwest fwy, sugar land, tx 77478, usa"
-82.59180599999999,40.7744376,"2154 w 4th st, ontario, oh 44906, usa"
-81.87561819999999,41.4380285,"23100 lorain rd #1north, north olmsted, oh 44070, usa"
-92.14732649999999,38.5486041,"2101 schotthill woods dr, jefferson city, mo 65101, usa"
-83.1361684,40.6008424,"340 w fairground st, marion, oh 43302, usa"
-122.2656327,38.0296657,"607 parker ave, rodeo, ca 94572, usa"
-82.32950459999999,31.2023903,"2101 memorial dr, waycross, ga 31501, usa"
-81.7235704,33.5213847,"1015 pine log rd, aiken, sc 29803, usa"
-70.47647839999999,43.4815487,"407 alfred st #111, biddeford, me 04005, usa"
-84.8237169,42.56909460000001,"350 lansing st, charlotte, mi 48813, usa"
-83.053635,39.988914,"1759 w 5th ave, columbus, oh 43212, usa"
-85.6214036,44.7326697,"2279 w south airport rd, traverse city, mi 49684, usa"
-78.205511,39.0790886,"366 fairfax pike, stephens city, va 22655, usa"
-92.5695077,34.5834317,"military rd, benton, ar, usa"
-85.7979648,35.8568872,"new smithville hwy, tennessee 37166, usa"
-78.6950012,42.9589806,"4101 transit rd, buffalo, ny 14221, usa"
-82.1500514,29.2609256,"7131 n us hwy 441 #411ocala, ocala, fl 34475, usa"
-79.99040029999999,36.7486109,"624 blackberry rd, bassett, va 24055, usa"
-80.7745928,41.101226,"6000 mahoning ave, austintown, oh 44515, usa"
-122.0613348,37.3750266,"855 e el camino real, mountain view, ca 94040, usa"
-81.34131409999999,42.9692342,"1570 oxford st w, london, on n6h 1w2, canada"
-97.6154036,38.7921254,"2640 planet ave store 2640, salina, ks 67401, usa"
-112.0152204,33.4817383,"3130 e thomas rd, phoenix, az 85016, usa"
-88.1172594,41.93885880000001,"420 w army trail rd, bloomingdale, il 60108, usa"
-95.2480822,29.9369113,"9625 n sam houston pkwy e, humble, tx 77396, usa"
-84.1835281,39.7573924,"501 e 5th st, dayton, oh 45402, usa"
-84.22740309999999,36.0204109,"695 emory valley rd, oak ridge, tn 37830, usa"
-84.5637886,34.0180253,"400 ernest w barrett pkwy nw #100, kennesaw, ga 30144, usa"
-82.3203601,27.9207726,"11375 causeway blvd, brandon, fl 33511, usa"
-82.6772968,40.0043292,"78 oak meadow dr, pataskala, oh 43062, usa"
-94.16112439999999,30.1214625,"4380 dowlen rd, beaumont, tx 77706, usa"
-82.44400670000002,38.4128404,"729 9th ave, huntington, wv 25701, usa"
-90.9849782,38.5373546,"2030 phoenix center dr, washington, mo 63090, usa"
-99.163185,30.059624,"1048 junction hwy, kerrville, tx 78028, usa"
-80.1427057,25.8509089,"2050 71st st, miami beach, fl 33141, usa"
-86.23522190000001,35.3851521,"1905 n jackson st, tullahoma, tn 37388, usa"
-81.86805559999999,26.6455556,"2401 first st, fort myers, fl 33901, usa"
-83.7138113,32.7416015,"6200 skipper rd, macon, ga 31216, usa"
-79.8010984,40.540825,"1306 pittsburgh st, cheswick, pa 15024, usa"
-120.6087248,35.1221858,"224 n oak park blvd, grover beach, ca 93433, usa"
-80.08151649999999,26.7544711,"1715 tiffany dr e, west palm beach, fl 33407, usa"
-122.8609535,42.3143834,"1241 s riverside ave, medford, or 97501, usa"
-117.9059805,33.6214394,"798 dover dr, newport beach, ca 92663, usa"
-97.46091369999999,35.6102389,"13801 n bryant ave, edmond, ok 73013, usa"
-122.6230631,47.5339635,"1720 se mile hill dr, port orchard, wa 98366, usa"
-86.3669061,39.7159158,"3724 shady ln, plainfield, in 46168, usa"
-97.15717409999999,33.230628,"2030 w university dr, denton, tx 76201, usa"
-118.3098092,34.0442066,"1535 s western ave, los angeles, ca 90019, usa"
-77.0955218,35.1037788,"560 mccarthy blvd store 560, new bern, nc 28562, usa"
-94.144498,36.3013151,"s dixieland rd, rogers, ar 72758, usa"
-81.4331777,26.4241171,"400 n 15th st, immokalee, fl 34142, usa"
NA,NA,NA
-90.0424043,32.2846217,"5708 us-80, pearl, ms 39208, usa"
-118.394698,33.9714025,"7600 s sepulveda blvd, los angeles, ca 90045, usa"
-87.9133688,30.6429539,"28691 us-98 suite a, daphne, al 36526, usa"
-75.2202448,39.979834,"5050 parkside ave, philadelphia, pa 19131, usa"
-81.6254041,30.1200997,"456 state rd 13, fruit cove, fl 32259, usa"
-91.035,41.4473687,"427 lake park blvd, muscatine, ia 52761, usa"
-70.3952169,43.6813423,"34 hutcherson dr, gorham, me 04038, usa"
-85.14551279999999,41.1165312,"4122 lima rd, fort wayne, in 46805, usa"
-89.83381829999999,35.2039774,"6899 stage rd, memphis, tn 38133, usa"
-121.3180601,37.99126270000001,"943 w march ln, stockton, ca 95207, usa"
-111.7276965,33.6101268,"13757 n fountain hills blvd, fountain hills, az 85268, usa"
-119.8062912,36.7757374,"fresno, ca 93704, usa"
-122.2960864,47.3930348,"pacific hwy s, kent, wa 98032, usa"
-80.55017529999999,35.8694081,"1388 hwy 601 s, mocksville, nc 27028, usa"
-80.2020728,26.1669569,"3282 n state rd 7, lauderdale lakes, fl 33319, usa"
-86.9455394,34.4485561,"709 us-31, hartselle, al 35640, usa"
-77.4992237,38.2937413,"2336 plank rd, fredericksburg, va 22401, usa"
-80.86863199999999,35.5733718,"williamson rd, davidson, nc 28117, usa"
-97.33467499999999,37.604156,"5025 s broadway st, wichita, ks 67216, usa"
-122.1259456,37.41518010000001,"4085 el camino way, palo alto, ca 94306, usa"
-77.31498719999999,41.9860791,"100 forestview ave, elkland, pa 16920, usa"
-122.3408745,47.6325435,"8th ave n, seattle, wa 98109, usa"
-80.676374,32.920937,"112 robertson blvd, walterboro, sc 29488, usa"
-84.1977802,39.81673,"5400 n dixie dr, dayton, oh 45414, usa"
-84.5204354,36.4966051,"18095 alberta st, oneida, tn 37841, usa"
-85.7606191,38.312137,"1319 applegate ln, clarksville, in 47129, usa"
-122.165182,38.067263,"801 southampton rd, benicia, ca 94510, usa"
-86.61803719999999,36.1974238,"4101 lebanon pike, hermitage, tn 37076, usa"
NA,NA,NA
-97.2454709,37.5580948,"rainbow dr, derby, ks 67037, usa"
-104.9878998,39.7159506,"21 s broadway, denver, co 80209, usa"
-81.9820082,35.053889,"boiling springs community park, 182 rainbow lake rd, boiling springs, sc 29316, usa"
-93.212341,44.7262146,"7320 153rd st w, apple valley, mn 55124, usa"
-84.9647639,32.3601128,"gaudette st, fort benning, ga 31905, usa"
-73.3944466,42.0937726,"sheffield, ma 01257, usa"
-84.1630696,36.7270736,"56 west highway 92, williamsburg, ky 40769, usa"
-77.6114568,37.4327108,"11749 hull street rd, midlothian, va 23112, usa"
-80.0505043,40.6030848,"10293 perry hwy, wexford, pa 15090, usa"
-122.7872285,45.0091938,"601 n water st, silverton, or 97381, usa"
-75.56128489999999,40.5868462,"4634 broadway, allentown, pa 18104, usa"
-69.8050461,44.3145065,"5 senator way, augusta, me 04330, usa"
-87.1910462,30.51917389999999,"3351 mclemore st, pensacola, fl 32514, usa"
-83.3349351,42.3772812,"12651 middlebelt rd, livonia, mi 48150, usa"
-96.0215458,41.3021456,"4805 n 72nd st, omaha, ne 68134, usa"
-80.25801899999999,26.1504175,"2029 n university dr, sunrise, fl 33322, usa"
-120.6069999,35.1319977,"883 n oak park blvd, pismo beach, ca 93449, usa"
-117.2974919,33.0844262,"600 la costa ave, encinitas, ca 92024, usa"
-86.34604329999999,39.9549892,"6065 s main st, whitestown, in 46075, usa"
-71.33033209999999,42.6115073,"299 chelmsford st, chelmsford, ma 01824, usa"
-117.7092729,33.5632958,"23804 el lazo, laguna niguel, ca 92677, usa"
-84.8420587,39.8322192,"33 hayes arboretum rd, richmond, in 47374, usa"
-115.2775664,36.06106080000001,"7036 w badura ave, las vegas, nv 89113, usa"
-90.41962439999999,37.7837557,"400 n washington st #202farmington, farmington, mo 63640, usa"
-97.4010496,32.6572585,"6297 granbury rd, fort worth, tx 76133, usa"
-86.316512,34.3529778,"1472 sunset dr, guntersville, al 35976, usa"
-117.7753599,33.8448015,"460 s anaheim hills rd, anaheim, ca 92807, usa"
-86.8890902,36.0208306,"1495 sneed rd w, franklin, tn 37069, usa"
-84.18562899999999,39.4292919,"1161 e main st, lebanon, oh 45036, usa"
-80.08553479999999,36.1108253,"811 s main st, kernersville, nc 27284, usa"
-78.5471859,35.9441748,"11031 wakefield commons dr, raleigh, nc 27614, usa"
-83.5269689,34.616095,"1500 washington st, clarkesville, ga 30523, usa"
-83.73269739999999,32.8031955,"5171 eisenhower pkwy, macon, ga 31206, usa"
-92.5544295,38.6272365,"1500 e buchanan st, california, mo 65018, usa"
-111.0359148,32.133697,"w valencia rd, tucson, az 85746, usa"
-81.80664809999999,37.0936625,"2510 s front st, richlands, va 24641, usa"
-97.1166909,32.7610413,"901 w lamar blvd, arlington, tx 76012, usa"
-87.6300119,45.0867606,"1805 pierce ave, marinette, wi 54143, usa"
NA,NA,NA
-79.16620680000001,37.4345406,"2302 bedford ave, lynchburg, va 24503, usa"
-117.1530192,32.7482745,"1219 university ave, san diego, ca 92103, usa"
-86.71454039999999,36.0448069,"15103 old hickory blvd, nashville, tn 37211, usa"
-122.55089,45.687746,"9025 ne 117th ave, vancouver, wa 98662, usa"
NA,NA,NA
-121.3448619,44.0090809,"19570 amber meadow dr, bend, or 97702, usa"
-82.95023979999999,32.5423471,"2005 veterans blvd, dublin, ga 31021, usa"
-118.3967799,34.150512,"12107 moorpark st, studio city, ca 91604, usa"
-97.5471079,30.3502407,"14001 shadow glen blvd, manor, tx 78653, usa"
-80.2020244,26.2535069,"2057 n state rd 7, margate, fl 33063, usa"
-82.8007683,37.8082876,"s mayo trail, paintsville, ky 41240, usa"
-106.5586265,31.86175149999999,"955 n resler dr #104, el paso, tx 79912, usa"
-97.4072645,37.6939409,"5525 w central ave store 5525 w, wichita, ks 67212, usa"
-106.4218107,31.90245579999999,"5150 fairbanks dr, el paso, tx 79924, usa"
-81.38148249999999,30.1924464,"220 valley cir, ponte vedra beach, fl 32082, usa"
-122.2536808,47.44349649999999,"1174 andover park w, tukwila, wa 98188, usa"
-73.66950969999999,40.5930151,"700 magnolia blvd, long beach, ny 11561, usa"
-110.944328,32.432637,"1856 e innovation park dr, oro valley, az 85755, usa"
-71.3554381,41.9278095,"115 washington st store 115, attleboro, ma 02703, usa"
-99.7409,40.751563,"2401 plum creek pkwy, lexington, ne 68850, usa"
-84.2899371,39.8658128,"606 taywood rd, englewood, oh 45322, usa"
NA,NA,NA
-82.6647732,28.0401377,"3929 tampa rd, oldsmar, fl 34677, usa"
-83.52388669999999,36.2796982,"7805 rutledge pike, rutledge, tn 37861, usa"
-77.6341128,38.3082694,"14153 plank rd, fredericksburg, va 22407, usa"
-122.032935,37.305266,"1125 s de anza blvd, san jose, ca 95129, usa"
-88.1574603,30.6479306,"5013 cottage hill rd, mobile, al 36609, usa"
-86.1614589,40.4884115,"2222 w sycamore st, kokomo, in 46901, usa"
-118.0102267,33.7613652,"6741 westminster blvd suite b, westminster, ca 92683, usa"
-94.19123739999999,31.8106777,"1233 tenaha st, center, tx 75935, usa"
-84.2465039,33.8837673,"3609 chamblee tucker rd, atlanta, ga 30341, usa"
-79.8436639,38.89615939999999,"70 stone mountain ln, elkins, wv 26241, usa"
-74.9506377,40.1098615,"2637 street rd, bensalem, pa 19020, usa"
-156.4749542,20.8871323,"275 w kaahumanu ave, kahului, hi 96732, usa"
-122.6639943,45.4127635,"401 s state st, lake oswego, or 97034, usa"
-81.4496415,41.6434764,"33459 vine st, willowick, oh 44095, usa"
-91.9441724,38.8697132,"2101 n bluff st, fulton, mo 65251, usa"
-122.3684278,47.7922023,"10117 edmonds way, edmonds, wa 98020, usa"
-90.2921425,38.5486899,"4271 bayless ave, st. louis, mo 63123, usa"
-117.917394,33.7175018,"2250 s yale st, santa ana, ca 92704, usa"
-84.4262523,33.8108854,"1180 collier rd nw, atlanta, ga 30318, usa"
-85.073718,35.08639600000001,"5149 hunter rd, ooltewah, tn 37363, usa"
-82.67614499999999,28.1868371,"8833 mitchell blvd, new port richey, fl 34655, usa"
-85.7524849,39.5172409,"570 saraina rd, shelbyville, in 46176, usa"
-97.8540079,30.1345321,"2120 farm to market 1626 ste b, manchaca, tx 78652, usa"
-98.0573873,27.7566514,"1501 e main st, alice, tx 78332, usa"
-97.1864172,32.8236549,"w pipeline rd, hurst, tx 76053, usa"
-80.2575023,36.1249889,"2701 university pkwy, winston-salem, nc 27105, usa"
-118.2782446,34.0257013,"2823 s figueroa st, los angeles, ca 90007, usa"
-71.080128,42.3311959,"1010 harrison ave, boston, ma 02119, usa"
-80.4371939,36.0053493,"5356 us-158, bermuda run, nc 27006, usa"
-121.5126304,38.4961015,"1195 florin rd, sacramento, ca 95831, usa"
-78.607857,35.840246,"1677 n market dr, raleigh, nc 27609, usa"
NA,NA,NA
-122.7628883,45.3053558,"8275 sw wilsonville rd, wilsonville, or 97070, usa"
-117.3701745,47.6025041,"2737 e 57th ave, spokane, wa 99223, usa"
-95.623412,29.5877144,"16525 lexington blvd, sugar land, tx 77479, usa"
-118.3111319,33.7559802,"28901 s western ave, rancho palos verdes, ca 90275, usa"
-80.38074019999999,27.2596344,"1082 sw gatlin blvd, port st. lucie, fl 34953, usa"
-82.0817375,33.4904972,"235 robert c daniel jr pkwy, augusta, ga 30909, usa"
-90.4203804,36.7744328,"n westwood blvd, poplar bluff, mo 63901, usa"
-80.3504476,25.6055577,"17631 s dixie hwy, palmetto bay, fl 33157, usa"
-70.3334619,43.681211,"200 larrabee rd, westbrook, me 04092, usa"
-121.97335,38.36195,"1317 e. monte vista avenue vacaville commons shopping center, vacaville, ca 95687, usa"
-89.6722171,39.7853965,"leland grove, il 62704, usa"
-122.2496396,47.3795183,"315 washington ave s, kent, wa 98032, usa"
-122.733212,45.4879505,"5431 sw beaverton hillsdale hwy, portland, or 97221, usa"
-76.01171819999999,36.7513478,"2105 princess anne rd #106, virginia beach, va 23456, usa"
-122.4349129,37.7239562,"4631 mission st, san francisco, ca 94112, usa"
-85.95796519999999,37.8336101,"w lincoln trail blvd, radcliff, ky 40160, usa"
-80.0785499,26.3654028,"1662 n federal hwy, boca raton, fl 33432, usa"
-117.4085624,47.6533357,"130 e 3rd ave, spokane, wa 99202, usa"
-80.41569989999999,25.6250973,"13762 sw 152nd st, miami, fl 33177, usa"
-86.0825605,39.63172,"989 n emerson ave, greenwood, in 46143, usa"
-86.175017,41.727174,"7355 heritage square dr, granger, in 46530, usa"
-80.08883689999999,40.3880743,"1905 washington st, heidelberg, pa 15106, usa"
-104.8609451,38.8446921,"2307 w cucharras st, colorado springs, co 80904, usa"
-75.710213,39.606555,"334 fox hunt dr, bear, de 19701, usa"
-96.17782969999999,33.5907699,"1655 n center st, bonham, tx 75418, usa"
-71.4403897,42.9587147,"165 john e devine dr, manchester, nh 03103, usa"
-76.5836803,40.3143501,"901 e main st, palmyra, pa 17078, usa"
-80.1200435,26.5308773,"9796 s military trail bldg d1, boynton beach, fl 33436, usa"
-111.7898719,33.4242652,"1900 e university dr, mesa, az 85203, usa"
-84.32721049999999,39.4973305,"3526 towne blvd, middletown, oh 45005, usa"
-86.49073100000001,40.2779069,"1911 e wabash st, frankfort, in 46041, usa"
-83.570756,35.877719,"539 winfield dunn pkwy, sevierville, tn 37876, usa"
-75.5278318,39.1788338,"694 n dupont hwy, dover, de 19901, usa"
-121.9145097,37.2952579,"1579 meridian ave, san jose, ca 95125, usa"
-80.3293873,25.9217579,"nw 163rd st, miami lakes, fl 33016, usa"
-111.9770705,33.3792137,"2700 w baseline rd, tempe, az 85283, usa"
-122.6915914,45.4695465,"7635 sw barbur blvd, portland, or 97219, usa"
-83.2649428,33.4272651,"1030 lake oconee pkwy, eatonton, ga 31024, usa"
-80.4489031,37.2139017,"8400 hunters mill rd, blacksburg, va 24060, usa"
-118.2013182,34.139493,"1600 colorado blvd, los angeles, ca 90041, usa"
-82.4765449,39.2553954,"574 n market st, mcarthur, oh 45651, usa"
-122.4757351,47.2317537,"3120 s pine st ste d, tacoma, wa 98409, usa"
-90.5042699,36.0526176,"w kingshighway, paragould, ar 72450, usa"
-77.5714347,40.6306688,"224 n logan blvd, burnham, pa 17009, usa"
-86.664496,36.167563,"2731 lebanon pike, nashville, tn 37214, usa"
-86.13788869999999,32.3607934,"9130 eastchase pkwy, montgomery, al 36117, usa"
-94.77662219999999,38.8544851,"16551 151st st, olathe, ks 66062, usa"
-84.4768968,33.8930445,"2449 cobb pkwy se, smyrna, ga 30080, usa"
-72.53338699999999,42.14390299999999,"570 cottage st, springfield, ma 01104, usa"
-86.16142529999999,39.5772407,"3133 stones crossing rd w, greenwood, in 46143, usa"
-80.13259289999999,26.1674366,"1099 e oakland park blvd, oakland park, fl 33334, usa"
-115.13487,36.122106,"3700 s maryland pkwy, las vegas, nv 89119, usa"
-122.2289685,37.7786889,"2925 e 14th st, oakland, ca 94601, usa"
-82.62312949999999,27.8285689,"62nd ave ne, st. petersburg, fl 33702, usa"
-83.5417894,41.654931,"1120 madison ave, toledo, oh 43604, usa"
-118.69205409999999,34.2729421,"5145 e los angeles ave, simi valley, ca 93063, usa"
-86.519431,42.0142454,"5709 st joseph ave, stevensville, mi 49127, usa"
-80.5715063,41.60774809999999,"74 public sq, andover, oh 44003, usa"
-86.5098527,36.1241894,"3519 stewarts ferry pike, mt. juliet, tn 37122, usa"
-97.23895,32.876535,"7201 rufe snow dr, watauga, tx 76148, usa"
-90.334638,38.615331,"2545 s hanley rd, st. louis, mo 63144, usa"
-86.08046689999999,39.6686385,"6775 s emerson ave, indianapolis, in 46237, usa"
-80.22441959999999,35.9674516,"185 hickory tree rd, winston-salem, nc 27107, usa"
-118.3744595,33.9757732,"6933 la tijera blvd, los angeles, ca 90045, usa"
-86.0315268,34.6743904,"305 e willow st, scottsboro, al 35768, usa"
-74.4760088,41.4334745,"scotchtown, ny 10940, usa"
-78.77223730000001,42.8291058,"3531 seneca st, west seneca, ny 14224, usa"
-80.1942085,25.7765709,"30 nw 3rd st, miami, fl 33128, usa"
-111.8756294,33.621133,"14858 n frank lloyd wright blvd, scottsdale, az 85260, usa"
-86.483515,41.4659229,"412 illinois st, walkerton, in 46574, usa"
-97.6633098,30.4412782,"1420 wells branch pkwy #300pflugerville, pflugerville, tx 78660, usa"
-121.9510897,37.2799528,"2341 s winchester blvd, campbell, ca 95008, usa"
-82.3826946,36.3619127,"3010 bristol hwy, johnson city, tn 37601, usa"
-89.51331239999999,43.12413309999999,"4330 parmenter st, middleton, wi 53562, usa"
-88.805228,30.4144173,"2200 bienville blvd, ocean springs, ms 39564, usa"
-119.313112,36.310224,"2240 s mooney blvd, visalia, ca 93277, usa"
-78.20707999999999,43.004176,"4152 w main st, batavia, ny 14020, usa"
-88.1255543,41.6102003,"1360 airport rd, romeoville, il 60446, usa"
-122.0125734,37.9713475,"3495 clayton road el monte, shopping center, concord, ca 94519, usa"
-79.8616791,36.6119796,"5950 greensboro rd, ridgeway, va 24148, usa"
-77.5104102,38.3062683,"carl d. silver pkwy, fredericksburg, va 22401, usa"
-97.01767190000001,33.0442704,"919 w main st, lewisville, tx 75067, usa"
-80.430471,25.7417704,"14610 sw 26th st, miami, fl 33175, usa"
-77.3570214,37.6475475,"7427 verdi ln, mechanicsville, va 23116, usa"
-85.7951326,38.6856203,"1602 w mcclain ave, scottsburg, in 47170, usa"
-95.49540379999999,29.9875302,"4415 fm 1960, houston, tx 77068, usa"
-75.443418,39.835988,"3294 chichester ave, marcus hook, pa 19061, usa"
-96.55638599999999,33.731407,"2419 woodlawn blvd, denison, tx 75020, usa"
-86.2207263,43.0910293,"17687 174th ave suite e, spring lake, mi 49456, usa"
-82.819333,27.843777,"13055 park blvd n, seminole, fl 33776, usa"
-72.57240569999999,42.20115699999999,"1604 memorial dr, chicopee, ma 01020, usa"
-86.4271533,39.4079371,"75 bill's blvd, martinsville, in 46151, usa"
-84.6206447,40.1182338,"637 wagner ave, greenville, oh 45331, usa"
-91.9468247,30.1393087,"1214 albertson pkwy, broussard, la 70518, usa"
-96.008048,36.11820760000001,"3110 southwest blvd, tulsa, ok 74107, usa"
-121.9215775,37.3240737,"1691 w san carlos st, san jose, ca 95128, usa"
-93.35455669999999,44.7460582,"5925 egan dr, savage, mn 55378, usa"
-99.7498336,32.4509215,"2200 n 1st st, abilene, tx 79603, usa"
-82.7171393,27.7817976,"1000 tyrone blvd n, st. petersburg, fl 33710, usa"
-120.4895009,46.5746862,"1907 s 1st st, yakima, wa 98903, usa"
-80.2341679,36.1108073,"1253 n liberty st, winston-salem, nc 27101, usa"
-81.3370662,28.811478,"4516 w state rd 46 #46sanford, sanford, fl 32771, usa"
-117.7144368,33.9843885,"4200 chino hills pkwy #710chino, chino hills, ca 91709, usa"
-121.3891985,36.8381405,"1703 airline hwy, hollister, ca 95023, usa"
-81.4919123,27.5121184,"420 sebring square.., sebring, fl 33870, usa"
-77.5604113,36.4426442,"903 us-301, garysburg, nc 27831, usa"
-84.1331067,41.5580098,"822 n shoop ave, wauseon, oh 43567, usa"
-79.5058833,40.306928,"149 donohoe rd, greensburg, pa 15601, usa"
-83.4199096,39.552405,"1827 columbus ave, washington court house, oh 43160, usa"
-77.5299703,37.6258236,"8018 w broad st, richmond, va 23294, usa"
-93.3874773,44.926655,"1025 hill st, hopkins, mn 55343, usa"
-117.905849,33.7477078,"410 n fairview st, santa ana, ca 92703, usa"
-106.5127751,35.1081185,"11500 menaul blvd ne, albuquerque, nm 87112, usa"
-76.11924599999999,36.7950316,"1949 lynnhaven pkwy ste 1532, virginia beach, va 23453, usa"
-77.6493215,39.913746,"1021 wayne ave, chambersburg, pa 17201, usa"
-82.90822899999999,34.3543893,"1070 e franklin st, hartwell, ga 30643, usa"
-84.4676939,39.263342,"10600 springfield pike, cincinnati, oh 45215, usa"
-79.7923249,36.0600579,"1235 s eugene st, greensboro, nc 27406, usa"
-85.5021585,36.150217,"575 s jefferson ave, cookeville, tn 38501, usa"
-87.9113381,42.9862998,"153 w oklahoma ave, milwaukee, wi 53207, usa"
-112.276124,33.50733810000001,"10005 w camelback rd, phoenix, az 85037, usa"
-74.710787,40.2720546,"2901 brunswick pike, lawrenceville, nj 08648, usa"
-86.9078974,40.4542034,"200 sagamore pkwy w, west lafayette, in 47906, usa"
-97.7955377,32.7369342,"1801 s main st, weatherford, tx 76086, usa"
NA,NA,NA
-87.2383797,41.4248663,"10645 randolph st, crown point, in 46307, usa"
-118.3453295,34.0599637,"817 south la brea ave, los angeles, ca 90036, usa"
-71.10198079999999,42.3641548,"520 massachusetts ave, cambridge, ma 02139, usa"
-78.5739811,35.8411744,"4401 n new hope rd store 4401, raleigh, nc 27604, usa"
-92.3573742,42.46011130000001,"3626 kimball ave, waterloo, ia 50702, usa"
-97.4003966,35.4356525,"7195 se 29th st, midwest city, ok 73110, usa"
-122.2148148,47.2941291,"1519 auburn way s, auburn, wa 98002, usa"
-81.7028466,26.1841644,"4701 golden gate pkwy, naples, fl 34116, usa"
-83.94957649999999,35.7560259,"1703 e lamar alexander pkwy suite b, maryville, tn 37804, usa"
-80.77255939999999,37.04871079999999,"501 e main st, pulaski, va 24301, usa"
-118.529272,34.4341389,"26883 bouquet canyon rd, santa clarita, ca 91350, usa"
-79.92558679999999,40.4598705,"5993 centre ave, pittsburgh, pa 15206, usa"
-80.9045706,35.6050866,"1086 river hwy, mooresville, nc 28117, usa"
-82.1092154,33.5130415,"4074 washington rd, augusta, ga 30907, usa"
-121.6457341,39.1425874,"1641 colusa hwy #500, yuba city, ca 95993, usa"
-118.4118376,34.2757063,"12755 van nuys blvd, pacoima, ca 91331, usa"
-82.5420872,40.7249638,"1280 lexington ave, mansfield, oh 44907, usa"
-121.6529802,36.7027723,"1325 n main st, salinas, ca 93906, usa"
-80.4788768,25.5873495,"19120 sw 177th ave, miami, fl 33187, usa"
-121.0632947,37.6924972,"3900 sisk rd ste a1, modesto, ca 95356, usa"
-112.3649868,33.6658034,"19109 w r h johnson blvd, sun city west, az 85375, usa"
-121.8323302,37.2520148,"461 blossom hill rd, san jose, ca 95123, usa"
-81.448756,39.441099,"1303 colegate dr, marietta, oh 45750, usa"
-116.8937865,47.7223652,"4040 e 16th ave, post falls, id 83854, usa"
-77.4764335,37.7114558,"11045 lewistown rd, ashland, va 23005, usa"
-84.893749,32.519627,"5435 woodruff farm rd suite c-400columbus, columbus, ga 31907, usa"
-121.3198938,36.41592869999999,"2269 h dela rosa sr st, soledad, ca 93960, usa"
-75.5377689,39.8516212,"225 wilmington west chester pike, glen mills, pa 19342, usa"
-79.9162312,36.7244519,"3289 virginia ave, collinsville, va 24078, usa"
-96.3825404,33.9919598,"603 w main st, durant, ok 74701, usa"
-86.2688278,39.7992771,"6145 crawfordsville rd, speedway, in 46224, usa"
-120.8857239,37.5198671,"3000 n tegner rd, turlock, ca 95380, usa"
-87.3124849,30.5337872,"2155 w 9 mile rd, pensacola, fl 32534, usa"
-92.3189957,34.6848014,"scott hamilton dr, little rock, ar 72209, usa"
-84.1213726,39.82643119999999,"5058 brandt pike, dayton, oh 45424, usa"
-77.5262905,39.4391018,"805 e main st, middletown, md 21769, usa"
-93.0060235,45.2765912,"197 19th st sw, forest lake, mn 55025, usa"
-85.2209403,34.9903607,"5740 ringgold rd, east ridge, tn 37412, usa"
-117.194364,34.122449,"7211 boulder ave, highland, ca 92346, usa"
-86.1241651,39.8661198,"6110 n keystone ave, indianapolis, in 46220, usa"
-122.5632022,37.97594369999999,"649 san anselmo ave, san anselmo, ca 94960, usa"
-97.5807151,35.6236602,"nw 150th st, edmond, ok 73013, usa"
-79.9561669,40.4806714,"118 52nd st, pittsburgh, pa 15201, usa"
-84.5905133,34.0618977,"4430 wade green rd, kennesaw, ga 30144, usa"
-80.8108602,35.1988176,"2901 randolph rd, charlotte, nc 28211, usa"
-92.3805908,42.50103259999999,"2640 falls ave, waterloo, ia 50701, usa"
-95.52161009999999,29.7381495,"2600 fondren rd, houston, tx 77063, usa"
-95.9339536,36.7513993,"3830 e frank phillips blvd, bartlesville, ok 74006, usa"
-75.1930126,40.053723,"7061 lincoln dr, philadelphia, pa 19119, usa"
-111.8424381,33.2157341,"25410 s arizona ave, sun lakes, az 85248, usa"
-83.2605891,42.819921,"s washington st, oxford charter township, mi 48371, usa"
-82.99677109999999,39.1097194,"10954 us-23, waverly, oh 45690, usa"
-77.5548795,37.4944847,"8535 midlothian turnpike, richmond, va 23235, usa"
-93.4909916,45.1275604,"9530 dunkirk ln n, maple grove, mn 55311, usa"
-80.3142718,25.7327528,"2 bird rd, miami, fl 33155, usa"
-111.9974148,33.6108062,"3901 e thunderbird rd, phoenix, az 85032, usa"
-97.53674029999999,35.4626038,"316 s blackwelder ave, oklahoma city, ok 73108, usa"
-84.20546089999999,30.8851258,"270 us-84, cairo, ga 39828, usa"
-83.9169383,34.0801258,"3295 sardis church rd, buford, ga 30519, usa"
-84.7264953,34.0641511,"6110 cedarcrest rd, acworth, ga 30101, usa"
-85.3139042,35.0663898,"427 cherokee blvd, chattanooga, tn 37405, usa"
-88.81357129999999,35.57831970000001,"1320 s highland ave, jackson, tn 38301, usa"
-76.0279939,40.1338616,"1367 weaverland rd, east earl, pa 17519, usa"
-119.1807188,34.1961377,"330 w 6th st store 330 w, oxnard, ca 93030, usa"
-84.5530947,41.4605524,"1210 s main st, bryan, oh 43506, usa"
-98.274976,29.6041087,"6102 fm3009, schertz, tx 78154, usa"
-89.7948935,35.1473098,"8040 walnut run rd, cordova, tn 38018, usa"
-111.9434088,33.624466,"6339 e greenway rd #114, scottsdale, az 85254, usa"
-122.6602515,45.5088989,"goodwill in portland, or, usa, 1943 se 6th ave, portland, or 97214, usa"
-90.5003139,41.5504028,"2333 cumberland square dr, bettendorf, ia 52722, usa"
-97.4505556,32.7555556,"625 s cherry ln, white settlement, tx 76108, usa"
-104.6056818,38.3050084,"3610 dillon dr, pueblo, co 81008, usa"
-83.16057239999999,40.0251483,"3608 main st, hilliard, oh 43026, usa"
-118.3891586,34.0292257,"8905 venice blvd, los angeles, ca 90034, usa"
-80.26841879999999,26.1770113,"4121 nw 88th ave, sunrise, fl 33351, usa"
-121.2220376,38.7919789,"2625 sierra meadows dr #700rocklin, rocklin, ca 95677, usa"
-70.3006108,41.6664778,"mall, 141 corporation st, hyannis, ma 02601, usa"
-78.716011,35.87022,"4801 grove barton rd, raleigh, nc 27613, usa"
-81.2262883,42.9409169,"965 wellington rd, london, on n6e, canada"
-75.0012191,39.8274066,"222 s white horse pike, stratford, nj 08084, usa"
-100.4834615,31.4209865,"4216 college hills blvd, san angelo, tx 76904, usa"
-122.8774022,42.329088,"4 w 3rd st, medford, or 97501, usa"
-82.272842,34.9379217,"1494 w wade hampton blvd suite c, greer, sc 29650, usa"
-85.02346779999999,33.0506971,"143 commerce ave, lagrange, ga 30241, usa"
-95.20386959999999,29.5308608,"212 s friendswood dr e, friendswood, tx 77546, usa"
-88.0891343,30.6759623,"2029 airport blvd, mobile, al 36606, usa"
-86.7715082,36.120095,"780 berry rd, nashville, tn 37204, usa"
-122.971155,46.7220393,"519 harrison ave, centralia, wa 98531, usa"
-78.831266,38.2820172,"1005 20th st, grottoes, va 24441, usa"
-75.1937494,39.9628848,"3509 spring garden st, philadelphia, pa 19104, usa"
-80.0403559,40.4042579,"2866 banksville rd, pittsburgh, pa 15216, usa"
-80.97217169999999,36.8464158,"4172 ivanhoe rd, ivanhoe, va 24350, usa"
-111.7347225,33.4238743,"4412 e university dr, mesa, az 85205, usa"
-96.0234246,41.21886569999999,"4115 s 72nd st, omaha, ne 68127, usa"
-80.1869608,25.8489893,"441 ne 81st st, miami, fl 33138, usa"
-77.3783789,42.321027,
-86.8259563,33.4785966,"2350 green springs hwy, birmingham, al 35205, usa"
-75.46801769999999,39.7946645,"2701 philadelphia pike, claymont, de 19703, usa"
-97.3696755,32.8654634,"415 n saginaw blvd, saginaw, tx 76179, usa"
-97.1162581,33.6428432,"2614 us-82, gainesville, tx 76240, usa"
-94.97876529999999,29.7600763,"3501 garth rd #100baytown, baytown, tx 77521, usa"
